crawl_datetime,sub,submission,submission_id,stickied,num_comments
2021-01-10 02:30:14.255139,wallstreetbets,tsla - best $100k iâ€™ve ever spent. when do i hop off the tendie coaster???,ktytvp,False,382
2021-01-10 02:30:14.255139,wallstreetbets,tsla 1103% gain. never selling,ktr2op,False,1293
2021-01-10 02:30:14.255139,wallstreetbets,jane besos on her way to claim richest woman in the world and seducing elon,ktpyym,False,417
2021-01-10 02:30:14.255139,wallstreetbets,tsla to the fucking moon,ktsl2i,False,152
2021-01-10 02:30:14.255139,stocks,nio partners with nvidia to develop a new generation of automated driving electric vehicles,ktrnpo,False,262
2021-01-10 02:30:14.255139,stocks,biden to announce stimulus in the â€œtrillionsâ€ on thursday,ku2ymw,False,139
2021-01-10 02:30:14.255139,stocks,nio day highlights,ktq03r,False,374
2021-01-10 02:30:14.255139,Finanzen,telegram-bot fÃ¼r aktien-news,ktye00,False,13
2021-01-10 02:30:14.255139,Finanzen,gibt es eine meldepflicht wenn ich viel geld aus dem ausland nach deutschland Ã¼berweise?,ktvk75,False,18
2021-01-10 02:30:14.255139,Finanzen,auto kauf bei wirkaufendeinauto de (wkda),ktzgxa,False,3
2021-01-10 02:30:14.255139,mauerstrassenwetten,"meine lieben autisten, wir haben es geschafft. msw zum mond!",ktthze,False,84
2021-01-10 02:30:14.255139,mauerstrassenwetten,im jahr 2020 wird ein ğŸ…±ï¸itğŸ…±ï¸oin 1 million dollar wert sein,ktx7w8,False,5
2021-01-10 02:30:14.255139,mauerstrassenwetten,wir haben wenigstens keine papier hÃ¤ndeğŸ’ğŸ™ŒğŸ¼,ktyziq,False,1
